{
  "model_type": "neural_network",
  "version": "20251111_102622",
  "input_size": 9,
  "hidden_size1": 128,
  "hidden_size2": 64,
  "num_classes": 3,
  "training_date": "2025-11-11T10:26:24.027268+00:00",
  "metrics": {
    "accuracy": 0.8853046594982079,
    "precision": 0.7837643401292378,
    "recall": 0.8853046594982079,
    "f1_score": 0.8314458208975565
  }
}