{
  "model_type": "random_forest",
  "version": "20251111_101828",
  "n_estimators": 100,
  "max_depth": 10,
  "training_date": "2025-11-11T10:18:30.709829+00:00",
  "metrics": {
    "accuracy": 0.8853046594982079,
    "precision": 0.8247577086810812,
    "recall": 0.8853046594982079,
    "f1_score": 0.8377986299942426
  }
}